athlete_id,n_days,n_injuries,n_alerts,n_decoupled,detection_rate,mean_damage,max_damage,is_underreporter
ATH-001,180,1,75,75,0.25,0.005400496192226612,0.01796868694900938,False
ATH-002,180,2,76,76,0.375,0.004573969195553049,0.015078914464256181,False
ATH-003,180,1,68,68,0.25,0.004383196362858479,0.013589188152720155,False
ATH-004,180,3,73,73,0.3333333333333333,0.006652976884281752,0.019316450457670175,True
ATH-005,180,1,61,61,0.25,0.006994874978443868,0.020199384118238087,False
